nist_ai_rmf_id,function,outcome_summary,soc2_criteria,coverage,rationale,ai_control_to_add
GOVERN 1.1,Govern,"Legal and regulatory requirements involving AI are understood, managed and documented.",CC3.1; CC2.3; P1.1,Partial,"SOC 2 objective-setting considers applicable laws, but the scope is security and privacy, not AI-specific regulation.","Keep an AI regulatory register (EU AI Act, Colorado AI Act, sector rules) with an owner and applicability for each AI system."
GOVERN 1.2,Govern,"Trustworthy AI characteristics are built into policies, processes and procedures.",CC1.1; CC5.3,Partial,"Codes of conduct and policies exist, but they don't define trustworthy-AI principles.","Adopt AI principles (validity, safety, fairness, transparency, privacy) and embed them in an AI policy."
GOVERN 1.3,Govern,The depth of AI risk management is set by the organization's risk tolerance.,CC3.1; CC3.2,Partial,A risk assessment process exists but has no AI risk tiers.,Define AI risk tiers that set the required review depth for each system.
GOVERN 1.4,Govern,"The risk management process is set through transparent policies, procedures and controls.",CC5.1; CC5.3,Strong,SOC 2 policy deployment and control selection map directly.,Add an AI governance policy under the same approval and publication cycle.
GOVERN 1.5,Govern,"The risk management process is monitored and periodically reviewed, with defined roles and review frequency.",CC4.1; CC1.3,Strong,Monitoring activities and defined responsibilities map directly.,Add the AI risk program to the annual control review calendar.
GOVERN 1.6,Govern,Mechanisms are in place to inventory AI systems.,CC6.1; CC2.1,Partial,"SOC 2 asset inventories cover infrastructure and software, not AI use cases or models.","Maintain an AI system inventory: owner, purpose, data used, model or vendor, risk tier."
GOVERN 1.7,Govern,AI systems are decommissioned safely without increasing risk.,CC6.5; C1.2; P4.3,Partial,Asset and data disposal are covered; retiring a model and its dependencies is not.,"Write a decommissioning procedure covering dependencies, model and data artifacts, and user notice."
GOVERN 2.1,Govern,"Roles, responsibilities and communication lines for AI risk are documented and clear.",CC1.3; CC2.2,Strong,Organizational structure and internal communication map directly.,"Add AI roles (system owner, risk reviewer, approver) to the RACI chart."
GOVERN 2.2,Govern,Personnel and partners receive AI risk management training.,CC1.4; CC2.2,Partial,Security awareness training exists but doesn't cover AI risk.,Add role-based AI risk and AI literacy training (also supports EU AI Act Article 4).
GOVERN 2.3,Govern,Executive leadership takes responsibility for AI risk decisions.,CC1.2; CC1.3; CC1.5,Strong,Board and management oversight and accountability map directly.,Name an accountable executive and put AI risk on the oversight committee agenda.
GOVERN 3.1,Govern,"AI risk decisions are informed by a diverse, interdisciplinary team.",CC1.4,Gap,"SOC 2 addresses competence, not diversity of perspectives.","Require cross-functional review (legal, domain experts, user perspective) for high-risk AI."
GOVERN 3.2,Govern,Roles for human-AI configurations and human oversight are defined.,CC1.3; CC5.1,Gap,No SOC 2 equivalent for human oversight of automated decisions.,Define human-in-the-loop or human-on-the-loop requirements for each risk tier.
GOVERN 4.1,Govern,Policies foster critical thinking and a safety-first mindset in AI design and use.,CC1.1,Partial,"Tone at the top and ethical values apply, but not AI safety specifically.",Require pre-deployment risk sign-off and add AI expectations to the code of conduct.
GOVERN 4.2,Govern,Teams document AI risks and potential impacts and communicate them.,CC3.2; CC2.2,Partial,"SOC 2 risk assessment covers risks to service objectives, not impacts on individuals.",Complete an AI impact assessment for each in-scope system.
GOVERN 4.3,Govern,"Practices enable AI testing, incident identification and information sharing.",CC4.1; CC7.2; CC7.3,Partial,Security event detection exists; AI failures such as drift or harmful output are out of scope.,Expand incident definitions to include AI incidents and set testing requirements.
GOVERN 5.1,Govern,Feedback from people outside the AI team about impacts is collected and integrated.,CC2.3; P8.1,Partial,External communication and privacy complaint channels exist.,Create a feedback channel for people affected by AI and route it to the system owner.
GOVERN 5.2,Govern,Adjudicated feedback is regularly incorporated into system design.,CC4.2; CC8.1,Partial,Deficiency remediation and change management provide the mechanism.,Route accepted AI feedback into the model change backlog.
GOVERN 6.1,Govern,"Policies address third-party AI risks, including intellectual property infringement.",CC9.2,Partial,"Vendor risk management covers security, not training-data rights or model IP.","Use an AI vendor due-diligence questionnaire covering data use, IP indemnity and model changes."
GOVERN 6.2,Govern,Contingency processes handle failures in high-risk third-party data or AI systems.,CC9.1; CC9.2; A1.2,Partial,Business continuity and vendor contingency exist but don't address model outages or deprecation.,Add fallback plans for critical AI vendors.
MAP 1.1,Map,"Intended purposes, context, laws and deployment settings are understood and documented.",CC2.1; CC3.1,Partial,"The system description and objectives cover the service, not each AI use.",Write an intended-use statement and deployment context for each AI system.
MAP 1.2,Map,"Interdisciplinary actors take part in establishing context, and their participation is documented.",CC1.4,Gap,No SOC 2 equivalent.,Record who participated in context-setting for each high-risk system.
MAP 1.3,Map,The organization's mission and goals for AI are understood and documented.,CC3.1,Partial,"Objectives are specified, but not for AI.",Write an AI strategy statement tied to business objectives.
MAP 1.4,Map,"The business value of the AI system is defined, or re-evaluated for existing systems.",CC3.1,Partial,Objective-setting applies; no requirement to justify AI use.,Require a business case at AI intake and re-review it for existing systems.
MAP 1.5,Map,Organizational risk tolerances are determined and documented.,CC3.2,Partial,Risk appetite is often implicit in SOC 2 risk assessments.,Get leadership approval for a documented AI risk tolerance statement.
MAP 1.6,Map,"System requirements are gathered, and design accounts for socio-technical risks.",CC5.2; CC8.1,Partial,SDLC and change controls gather technical requirements only.,"Add privacy, fairness and transparency requirements to AI design reviews."
MAP 2.1,Map,The AI system's tasks and methods are defined.,CC2.1,Gap,No SOC 2 equivalent.,"Keep a model card stating task type, method and model."
MAP 2.2,Map,Knowledge limits and how humans use and oversee outputs are documented.,CC2.3,Gap,The system description doesn't cover model limitations.,Document known limitations and guidance for users.
MAP 2.3,Map,"Scientific integrity and testing considerations, including data representativeness, are documented.",PI1.1; PI1.2,Partial,"Processing integrity addresses data completeness and accuracy, not representativeness.",Add a data suitability and representativeness review.
MAP 3.1,Map,Potential benefits of the AI system are examined and documented.,CC3.1,Gap,No SOC 2 equivalent.,Record expected benefits in the AI impact assessment.
MAP 3.2,Map,"Potential costs of AI errors, including non-monetary costs, are examined against risk tolerance.",CC3.2,Partial,"Risk analysis rates impact on objectives, not costs to people.",Add an error-impact analysis tied to the AI risk tolerance.
MAP 3.3,Map,The targeted application scope is specified and documented.,CC3.1,Gap,No SOC 2 equivalent.,Document approved scope and prohibited uses for each system.
MAP 3.4,Map,Operator and practitioner proficiency processes are defined and assessed.,CC1.4,Partial,Commitment to competence applies.,Add operator training and competency checks for AI systems.
MAP 3.5,Map,"Human oversight processes are defined, assessed and documented.",CC5.1,Gap,No SOC 2 equivalent for oversight of AI outputs.,Define and periodically test human oversight procedures.
MAP 4.1,Map,"Legal and technology risks of AI components, including third-party data, software and IP, are mapped.",CC3.2; CC9.2,Partial,Vendor and risk assessment apply but don't cover licensing or training-data provenance.,Keep an AI bill of materials with license and data-rights review.
MAP 4.2,Map,"Internal risk controls for AI components, including third-party AI, are identified and documented.",CC5.1; CC5.2; CC9.2,Strong,Control selection and technology general controls map directly.,Extend the control matrix to cover AI components.
MAP 5.1,Map,Likelihood and magnitude of each identified impact are documented.,CC3.2,Partial,"SOC 2 risk analysis rates likelihood and impact, but only against service objectives.",Extend risk scoring to impacts on individuals and society.
MAP 5.2,Map,Practices for engaging AI actors and integrating feedback about impacts are in place.,CC2.3; P8.1,Partial,External communication channels exist.,Write a stakeholder engagement plan for high-risk systems.
MEASURE 1.1,Measure,Metrics for the most significant AI risks are selected; unmeasurable risks are documented.,CC4.1,Partial,Monitoring activities exist but have no AI metrics.,"Create an AI metrics plan, including a list of risks that can't be measured."
MEASURE 1.2,Measure,Metric appropriateness and control effectiveness are regularly assessed.,CC4.1; CC4.2,Strong,Control monitoring and deficiency evaluation map directly.,Include AI metrics in periodic control testing.
MEASURE 1.3,Measure,Internal experts or independent assessors are involved in regular assessments.,CC4.1,Strong,Separate evaluations (for example internal audit) map directly.,Schedule independent reviews of high-risk AI (aligns with ISO/IEC 42001 clause 9.2).
MEASURE 2.1,Measure,"Test sets, metrics and test tools are documented.",CC8.1,Partial,"Change testing is documented, but not model evaluation.",Keep testing documentation for each model release.
MEASURE 2.2,Measure,Evaluations involving people meet human-subject protection requirements.,P2.1; P3.2,Gap,Only consent concepts overlap.,Add a human-subject protection review for user studies and evaluations.
MEASURE 2.3,Measure,Performance is measured in conditions similar to deployment.,PI1.3; CC8.1,Partial,Processing accuracy applies to deterministic systems.,Set pre-deployment performance acceptance criteria.
MEASURE 2.4,Measure,AI system behavior is monitored in production.,CC7.2; A1.1,Partial,Anomaly and capacity monitoring don't detect model drift.,Add drift and output-quality monitoring.
MEASURE 2.5,Measure,The AI system is shown to be valid and reliable; generalization limits are documented.,PI1.3,Partial,Processing integrity is the closest analog.,Produce a validation report for each release.
MEASURE 2.6,Measure,The AI system is evaluated for safety and can fail safely.,A1.2; CC7.4,Partial,"Recovery and incident response apply after failure, not safe-failure design.",Add safety testing and fail-safe design requirements.
MEASURE 2.7,Measure,AI system security and resilience are evaluated and documented.,CC6.1; CC6.6; CC6.8; CC7.1; A1.2,Strong,Core SOC 2 territory.,"Add AI-specific threats: prompt injection, data poisoning, model theft."
MEASURE 2.8,Measure,Transparency and accountability risks are examined and documented.,CC2.3; P1.1,Partial,Notice and external communication apply.,Disclose AI use and its limits to users.
MEASURE 2.9,Measure,"The model is explained and validated, and outputs are interpreted in context.",None,Gap,No SOC 2 equivalent.,Document explainability methods and output interpretation guidance.
MEASURE 2.10,Measure,Privacy risk of the AI system is examined and documented.,P1.1–P8.1; C1.1,Strong,Privacy criteria map directly when Privacy is in the SOC 2 scope.,Extend privacy impact assessments to training data and inferences.
MEASURE 2.11,Measure,Fairness and bias are evaluated and results documented.,None,Gap,No SOC 2 equivalent.,Add bias testing with documented thresholds.
MEASURE 2.12,Measure,Environmental impact of model training and management is assessed.,None,Gap,No SOC 2 equivalent.,Track compute and energy use for training and inference.
MEASURE 2.13,Measure,The effectiveness of testing metrics and processes is evaluated.,CC4.1,Partial,Monitoring of controls applies.,Review the AI testing approach periodically.
MEASURE 3.1,Measure,"Existing, unanticipated and emerging AI risks are tracked.",CC3.2; CC3.4,Partial,Risk assessment and change analysis apply.,Keep an AI risk register updated with emerging risks.
MEASURE 3.2,Measure,Risk tracking is considered where AI risks are hard to measure.,CC3.2,Gap,No SOC 2 equivalent.,Use qualitative tracking for risks without metrics.
MEASURE 3.3,Measure,End users and affected communities can report problems and appeal outcomes.,CC2.3; P8.1,Partial,Privacy complaint handling applies.,Create an appeal process for AI-driven outcomes.
MEASURE 4.1,Measure,Measurement approaches are tied to deployment context and informed by domain experts.,CC4.1,Gap,No SOC 2 equivalent.,Have domain experts review metrics for high-risk systems.
MEASURE 4.2,Measure,Trustworthiness results are validated with domain experts and relevant AI actors.,CC4.1,Gap,No SOC 2 equivalent.,Add a domain-expert validation step to model reviews.
MEASURE 4.3,Measure,Performance improvements or declines are identified and documented.,CC4.1; CC4.2,Partial,Monitoring and deficiency reporting apply.,Track performance trends in AI governance reporting.
MANAGE 1.1,Manage,A go/no-go decision is made on whether the AI system meets its purpose and should proceed.,CC3.1; CC8.1,Partial,"Change approval applies, but not a purpose-fit decision.",Add an AI deployment gate review.
MANAGE 1.2,Manage,Treatment of documented AI risks is prioritized.,CC3.2; CC5.1,Strong,Risk response and control selection map directly.,Prioritize AI risks in the same risk treatment process.
MANAGE 1.3,Manage,Responses to high-priority AI risks are planned and documented.,CC3.2; CC9.1,Strong,"Risk response options, including transfer through insurance, map directly.",Document AI risk responses in the risk register.
MANAGE 1.4,Manage,Residual risks to downstream acquirers and end users are documented.,CC2.3,Partial,External communication applies.,Disclose residual AI risks in customer-facing documentation.
MANAGE 2.1,Manage,Resources and non-AI alternatives are considered to reduce impacts.,CC3.2,Gap,No requirement to consider non-AI alternatives.,Ask about non-AI alternatives at AI intake.
MANAGE 2.2,Manage,Mechanisms sustain the value of deployed AI systems.,A1.1; CC7.2,Partial,Capacity and monitoring apply.,Schedule periodic value and performance reviews.
MANAGE 2.3,Manage,Procedures respond to and recover from newly identified risks.,CC7.3; CC7.4; CC7.5,Strong,Incident response and recovery map directly.,Add AI-specific incident playbooks.
MANAGE 2.4,Manage,"Mechanisms exist to supersede, disengage or deactivate AI systems that perform outside intended use.",CC7.4; CC8.1,Partial,Incident response and rollback apply.,Add a documented kill switch and rollback procedure.
MANAGE 3.1,Manage,Third-party AI risks and benefits are monitored and controlled.,CC9.2,Partial,Vendor monitoring applies.,Monitor vendor model changes and terms of service.
MANAGE 3.2,Manage,Pre-trained models are monitored as part of regular maintenance.,CC7.1; CC9.2,Partial,Vulnerability and vendor monitoring apply.,Track foundation model versions and deprecation notices.
MANAGE 4.1,Manage,"Post-deployment monitoring plans cover feedback, appeal, override, decommissioning, incidents and change.",CC7.2; CC7.4; CC8.1,Partial,"Monitoring, incident and change controls cover parts of this.",Write a post-deployment monitoring plan for each high-risk system.
MANAGE 4.2,Manage,Continual improvement activities are built into AI system updates.,CC4.2,Partial,Deficiency remediation applies.,Feed monitoring results into the model update cycle.
MANAGE 4.3,Manage,"Incidents and errors are communicated to relevant parties, including affected communities.",CC2.3; CC7.4; P6.6,Partial,Incident and breach communication apply.,Add AI incident communication templates.
